images,image_urls,title
"[{'url': 'http://i.imgur.com/arU9mbZ.jpg', 'path': 'full/2d113d4088860afa24123b88c45d92b9f9f7d137.jpg', 'checksum': 'bc871f369f7359fcf69d5b67ee7048af'}]",http://i.imgur.com/arU9mbZ.jpg,JUST A LIBRARY IN PRAGUE...CUALCREES
"[{'url': 'http://i.imgur.com/zAdaah5.jpg', 'path': 'full/308f6eed5f9fa2a1a7753c3e80fb486b741502dd.jpg', 'checksum': 'ba4d9b39839a161f8839ef39ed64b535'}]",http://i.imgur.com/zAdaah5.jpg,GOOD PERSPECTIVE OF JUST HOW BIG THE PYRAMIDS REALLY ARETASTEFORBLOOD
"[{'url': 'http://i.imgur.com/vOecC5u.jpg', 'path': 'full/17fe6cb5177fb5974bac15168175cdde39be6339.jpg', 'checksum': '3f9c87baae266fb1d40c96ce47104e94'}]",http://i.imgur.com/vOecC5u.jpg,"CATHEDRAL IN COLOMBIA, SOUTH AMERICA.TONEEH"
"[{'url': 'http://i.imgur.com/DoWiipD.jpg', 'path': 'full/7d059e9e46b18cc7819ec052007e61670bc417a0.jpg', 'checksum': '68de3c7329dc4baef7f36eee570b7359'}]",http://i.imgur.com/DoWiipD.jpg,THESE CURIOUS LITTLE BARRED OWLETSSUPERBREAKFAST
"[{'url': 'http://i.imgur.com/10uBOKN.jpg', 'path': 'full/9aabc6e91e4f03946fff2c19e87fce94a72dd6da.jpg', 'checksum': 'a68e4ada4e9ce27cdff22ad415cbb3ae'}]",http://i.imgur.com/10uBOKN.jpg,FOUND 1 OUR CATS DEAD A WEEK AGO. LAST NIGHT WE FOUND THIS NOTE ON HIS BROTHERS COLLARTRAVUK
"[{'url': 'http://i.imgur.com/rik3ap8.jpg', 'path': 'full/dba8f5631050d2efd48ae56116bf77b07d6db344.jpg', 'checksum': 'ece21af7772da543164ad3f98086efb8'}]",http://i.imgur.com/rik3ap8.jpg,A DOUBLE SPIRAL BRIDGEPALANA
"[{'url': 'http://i.imgur.com/aIp6560.jpg', 'path': 'full/35997855fca951b447838300544107da20b78ccf.jpg', 'checksum': '11c776745f41a784eea09a44d3b303d1'}]",http://i.imgur.com/aIp6560.jpg,HAND SANITIZER WITH THE BUBBLES SUCKED OUTJAVAREALLYSUCKS
"[{'url': 'https://i.imgur.com/AK5p4za.jpg', 'path': 'full/d2b9c6fc0826451af39cd1d6435db8bc96c75829.jpg', 'checksum': 'd3811c0706be86db680b1a39a78c7e1c'}]",https://i.imgur.com/AK5p4za.jpg,AN UNDERWATER WHITE TIGER ABOUT TO EAT A PIECE OF MEATTHEUNCHAINEDZEBRA
"[{'url': 'http://i.imgur.com/hc2LX77.jpg', 'path': 'full/e619811effc65d3c1207c9be51ec6ebe5054d1ae.jpg', 'checksum': '6385d6d93742fa83e9703f20b24d5ccb'}]",http://i.imgur.com/hc2LX77.jpg,EARTHPORNASESELA422
,http://imgur.com/LgCrjB8,"THANK YOU JUSTIN, THIS ONE'S FOR YOU.WYLDKYLE"
"[{'url': 'http://i.imgur.com/idZ9sLL.jpg', 'path': 'full/8bc257ba52de04bb52863b9f121a247cda0d1c85.jpg', 'checksum': 'de3a98853fb0a930a41fe621c3a1e85a'}]",http://i.imgur.com/idZ9sLL.jpg,WINTER NIGHT IN NORWAY [1280X850]NEXUSFTW
"[{'url': 'https://i.imgur.com/ScQcyCu.jpg', 'path': 'full/119d8f544faa6d7fc9e7a21ff8f2db7e8f299088.jpg', 'checksum': 'cbdd1005de370d40d42c9ce8a2ec9559'}]",https://i.imgur.com/ScQcyCu.jpg,"MIKE TYSON, AND HIS TRAINER CUS D'AMATO, BEFORE HIS FIRST PROFESSIONAL FIGHT - 1985GO_HABS_GO31"
"[{'url': 'http://i.imgur.com/MbkZo0h.jpg', 'path': 'full/b6e010896ec6b3321dab86ebcfdc0acb51fe1954.jpg', 'checksum': 'd24ab087a9556ba3c8be86f1388a8a64'}]",http://i.imgur.com/MbkZo0h.jpg,A HALLOWEEN COSTUME BASED ON THE FAMOUS BANKSY GRAFFITI.BLASTFURNACE
"[{'url': 'http://i.imgur.com/v8kXaFk.jpg?2', 'path': 'full/480bca020e3cd34ddc3ad35003e9deb55b617c53.jpg', 'checksum': '860c3a31fe6399ed8cf83cf442e03bbb'}]",http://i.imgur.com/v8kXaFk.jpg?2,DREAM OF ELEPHANTSJOSHBYER
"[{'url': 'http://i.imgur.com/CLcf6yE.jpg', 'path': 'full/8c6b73630a2592d1ecb1d1a3ebc43a2b6144b51d.jpg', 'checksum': 'edd71cbbf6e686bc06ed59b2008935d0'}]",http://i.imgur.com/CLcf6yE.jpg,NICELY CAUGHT SHOT !SPLITSAGA
,http://imgur.com/M6junc4,"I WORK AT THE MOVIES, THIS DAD AND DAUGHTER MADE MY NIGHT.THEYADDLE"
,http://imgur.com/RwLo2i7,THIS IS A BRA ENTERED INTO A COMPETITION TO SUPPORT BREAST CANCER IN MY LOCAL MALL.STELLACOOK
,http://imgur.com/93nKKAP,A RED SKY AND SHARDS OF ICE NEAR CERRO TORRE PATAGONIAPACIFIC_OCEAN_
,http://imgur.com/j0jg3xD,PICTURE I TOOK OF SACHSENHAUSEN CONCENTRATION CAMPALFENPOTATOES
,http://imgur.com/YUUuo34,EASY FISHING FROM THE COMFORT OF YOUR COUCHSIRAJRAHIM
,http://imgur.com/0tY6lJh,SOMETHING TO REMEMBER HIM BY.THE_TOUCHER_OF_FACES
"[{'url': 'http://i.imgur.com/Z6PhsgK.jpg', 'path': 'full/84c360411e450cb78d71058c37cc35a3eb1fd353.jpg', 'checksum': '14b9298e1aab32f3d76a86dad3950039'}]",http://i.imgur.com/Z6PhsgK.jpg,FINALLY I GRADUATED FROM HOGWARTS.ELPSRZ9
"[{'url': 'http://binaryapi.ap.org/6f24155b6b7843eb977981183bb4c9cf/460x.jpg', 'path': 'full/694dd6cab7acfd05b9fbd1a84dbddcf772db2711.jpg', 'checksum': 'ce7376bdaa9739d7b93236a1ca83866c'}]",http://binaryapi.ap.org/6f24155b6b7843eb977981183bb4c9cf/460x.jpg,"TIBETANS GATHER DURING A SPECIAL PRAYER CEREMONY ON THE THIRD DAY OF THE TIBETAN NEW YEAR CELEBRATIONS IN KATHMANDU, NEPAL, WEDNESDAY, MARCH 1, 2017. (AP PHOTO/NIRANJAN SHRESTHA)OPAHFISH"
,http://imgur.com/bi9oynG.jpg,LIVING ON THE EDGEMALGOYA
,http://imgur.com/YC72zVf.jpg,THE LEEZA SOHO TOWER IN BEIJING (XPOST R/EVILBUILDINGS)MALGOYA
,http://imgur.com/GxUw0Gi,DOGS REALLY ARE A MANS BEST FRIENDSIRAJRAHIM
,http://imgur.com/bUfL9Xj,30 YEARS OF GLORYZOMBIEJESUSAVES
"[{'url': 'http://i.imgur.com/saZvdRh.jpg', 'path': 'full/6fab9f040ad1b310c7d4c080cb8278e280f4a63b.jpg', 'checksum': '978178540cdb92629b28bfdb25939632'}]",http://i.imgur.com/saZvdRh.jpg,THE CRAZY INTERIOR OF THE CHILDREN'S PALACE IN NORTH KOREAFORGETABOUTGELGAMEKS
,http://imgur.com/WJ1oVGW,"ROAD CONSTRUCTION IN GILGIT, PAKISTANBLAQRIOT"
,http://imgur.com/cfkwREY,THE ADIRONDACKS IS BEAUTIFULJET_MEMEZ
"[{'url': 'https://i.imgur.com/Bm8rR.jpg', 'path': 'full/7f5d492edaef05e1a41fc1fa16af7a3f32274e70.jpg', 'checksum': '7edee5413ee52b50f4d9f8cd87bd336a'}]",https://i.imgur.com/Bm8rR.jpg,WOMAN O' BRIANTHENUTSCRACKER
,http://imgur.com/yL7T0yd,"PROBABLY THE MOST BEAUTIFUL PICTURE EVER TAKEN OF MY LATE GOLDEN, TOBYSPOOKYD00T"
